assessment_score,quiz_accuracy,learning_hours,attempts,question_difficulty,competency_score
35,30,2,1,1,32
40,35,3,1,1,38
45,42,4,2,1,43
50,48,5,2,1,49
55,52,6,2,1,54
60,58,8,2,1,59
65,63,10,3,2,65
70,68,12,3,2,70
75,72,14,3,2,75
80,78,16,3,2,80
85,84,18,4,2,85
90,88,20,4,2,90
95,94,25,5,3,95
30,28,3,1,1,29
38,34,4,1,1,36
47,45,6,2,1,46
53,50,7,2,1,52
62,60,9,3,2,62
68,65,11,3,2,68
73,70,13,3,2,73
78,76,15,4,2,79
83,81,17,4,2,83
88,86,19,4,3,88
92,91,23,5,3,92
42,40,5,1,1,41
57,55,8,2,2,57
66,62,10,3,2,64
76,74,14,3,2,76
86,82,18,4,3,85
96,95,26,5,3,96