employee_id,name,role,statistics_score,probability_score,data_analysis_score,visualization_score,statistical_computing_score,quiz_accuracy,learning_hours,assessment_attempts
EMP001,Aarav Sharma,Statistical Officer,82,38,58,76,64,62,12,2
EMP002,Ananya Reddy,Statistical Officer,74,65,81,72,70,74,18,3
EMP003,Rahul Verma,Statistical Officer,91,84,79,88,82,86,25,4
EMP004,Priya Singh,Statistical Officer,63,42,55,68,51,58,9,2
EMP005,Arjun Kumar,Statistical Officer,78,52,67,81,73,71,16,3
EMP006,Meera Nair,Data Analyst,72,68,88,76,82,79,22,4
EMP007,Aditya Rao,Data Analyst,85,74,79,91,86,84,27,5
EMP008,Sneha Patel,Data Analyst,61,55,64,58,62,59,11,2
EMP009,Vikram Das,Data Analyst,77,63,71,69,75,72,17,3
EMP010,Ishita Gupta,Data Analyst,90,81,93,87,89,91,31,5
EMP011,Karan Mehta,Research Officer,83,76,74,67,65,75,19,3
EMP012,Divya Iyer,Research Officer,69,48,62,71,58,61,13,2
EMP013,Rohan Kapoor,Research Officer,88,82,86,79,77,84,24,4
EMP014,Neha Joshi,Research Officer,57,44,51,63,49,54,8,2
EMP015,Siddharth Rao,Research Officer,76,71,69,74,72,73,18,3